{
    "cachorros": [
      {
        "nome": "Rex",
        "idade": 10,
        "raca": "Labrador Retriever",
        "imagem": "assets\\imgs\\labrador.png",
        "cuidados": "Ele é velinho, está ficando cego e surdo"
      },
      {
        "nome": "Luna",
        "idade": 5,
        "raca": "Golden Retriever",
        "imagem": "assets\\imgs\\golden.png",
        "cuidados": "Possue Hipotiroidismo"
      },
      {
        "nome": "Buddy",
        "idade": 3,
        "raca": "Pug",
        "imagem": "assets\\imgs\\pug.png",
        "cuidados": "Possue síndrome das vias aéreas obstrutivas braquicefálicas"
      },
      {
        "nome": "Charlie",
        "idade": 5,
        "raca": "ChowChow",
        "imagem": "assets\\imgs\\chowchow.png",
        "cuidados": "Ele é inseguro e agressivo, precisa de tempo para se acostumar"
      },
      {
        "nome": "Max",
        "idade": 2,
        "raca": "Husky Siberiano",
        "imagem": "assets\\imgs\\Husky.png",
        "cuidados": "Cuidado que eu sou muito brincalhão e vou querer brincar o dia todo!!"
      }
    ]
  }
  